id,tents,structures,vehicles,year,month,date_time,lat,lon,neighborhood,geoid
3,0,0,01,2025,12,12/09/2025,37.771392404597194,-122.50858414918184,Outer Richmond,06075980300
4,0,0,10,2025,12,12/09/2025,37.77153445661786,-122.50607628375292,Golden Gate Park,06075980300
5,0,0,10,2025,12,12/09/2025,37.77255372486613,-122.51097299158572,Outer Richmond,06075047904
6,0,0,10,2025,12,12/09/2025,37.77487763573448,-122.51145511865616,Outer Richmond,06075047904
7,0,0,01,2025,12,12/09/2025,37.775084078383365,-122.51067861914633,Outer Richmond,06075047904
8,0,1,00,2025,12,12/09/2025,37.77354700760226,-122.51017067581415,Outer Richmond,06075047904
9,0,0,01,2025,12,12/09/2025,37.77230725723296,-122.5099480524659,Outer Richmond,06075047904
10,0,0,01,2025,12,12/09/2025,37.77176582061209,-122.50121880322695,Golden Gate Park,06075980300
11,0,0,01,2025,12,12/09/2025,37.77206873938635,-122.4950359761715,Golden Gate Park,06075980300
12,0,0,01,2025,12,12/09/2025,37.77205787355503,-122.49434866011143,Outer Richmond,06075980300
13,0,0,01,2025,12,12/09/2025,37.772234906900785,-122.49104954302311,Outer Richmond,06075980300
14,0,0,01,2025,12,12/09/2025,37.772372982015476,-122.48780105262996,Outer Richmond,06075980300
15,0,0,10,2025,12,12/09/2025,37.772841799434765,-122.47742895036936,Inner Richmond,06075980300
16,0,0,02,2025,12,12/09/2025,37.77305911345405,-122.47269149869679,Inner Richmond,06075980300
17,0,0,01,2025,12,12/09/2025,37.77315292930888,-122.47053433209659,Inner Richmond,06075980300
18,0,0,01,2025,12,12/09/2025,37.77319559693228,-122.4699543043971,Inner Richmond,06075980300
19,0,0,01,2025,12,12/09/2025,37.77327907699383,-122.46671989560127,Golden Gate Park,06075980300
20,0,0,01,2025,12,12/09/2025,37.77380009645437,-122.46185638010502,Inner Richmond,06075980300
21,0,0,01,2025,12,12/09/2025,37.77393949371391,-122.46091727167367,Inner Richmond,06075980300
22,0,0,02,2025,12,12/09/2025,37.77404576407171,-122.45979610830544,Inner Richmond,06075980300
23,1,0,02,2025,12,12/09/2025,37.78314469632342,-122.4470804259181,Laurel Heights / Jordan Park,06075015401
24,0,0,12,2025,12,12/09/2025,37.78568131162471,-122.4473737925291,Laurel Heights / Jordan Park,06075015402
25,0,0,01,2025,12,12/09/2025,37.78494786698863,-122.4484034255147,Laurel Heights / Jordan Park,06075015402
26,0,0,01,2025,12,12/09/2025,37.78693938540035,-122.44904045015572,Presidio Heights,06075015402
27,0,0,01,2025,12,12/09/2025,37.77829565813497,-122.50935997813939,Sutro Heights,06075047904
28,0,0,01,2025,12,12/09/2025,37.77947223960926,-122.5040277466178,Sutro Heights,06075047902
29,0,0,01,2025,12,12/09/2025,37.779925642471284,-122.50300515443085,Sutro Heights,06075047902
30,0,1,00,2025,12,12/10/2025,37.77558759462154,-122.41885721683504,Civic Center,06075012405
31,1,1,00,2025,12,12/10/2025,37.77167677338729,-122.4208527803421,South of Market,06075020101
32,0,0,21,2025,12,12/10/2025,37.77402058781621,-122.42037300020456,South of Market,06075020101
33,1,0,00,2025,12,12/10/2025,37.78585566263861,-122.42045111954211,Lower Nob Hill,06075012202
34,1,0,00,2025,12,12/10/2025,37.786458733794326,-122.41914756596088,Lower Nob Hill,06075012202
35,0,1,00,2025,12,12/10/2025,37.78679630311014,-122.42049638181925,Lower Nob Hill,06075012002
36,2,2,00,2025,12,12/10/2025,37.7704489178329,-122.42326442152263,Mint Hill,06075020202
37,0,1,00,2025,12,12/10/2025,37.79410294951811,-122.40421336144209,Chinatown,06075061101
38,0,1,00,2025,12,12/10/2025,37.79530736267194,-122.40564096719027,Chinatown,06075061101
39,0,1,00,2025,12,12/10/2025,37.79442114328703,-122.4056989699602,Chinatown,06075061101
40,0,1,00,2025,12,12/10/2025,37.7964630085722,-122.42196556180716,Polk Gulch,06075010902
41,0,1,00,2025,12,12/10/2025,37.79803271871833,-122.40674704313278,North Beach,06075010600
42,0,0,11,2025,12,12/10/2025,37.76473208468619,-122.49275509268047,Outer Sunset,06075032700
43,1,1,00,2025,12,12/10/2025,37.777012526990795,-122.40917913615704,South of Market,06075017804
44,1,0,00,2025,12,12/10/2025,37.783675450464905,-122.42113977670668,Cathedral Hill,06075016000
45,0,1,00,2025,12,12/10/2025,37.780329489318156,-122.42228139191866,Civic Center,06075016000
46,0,1,00,2025,12,12/10/2025,37.798822727308064,-122.40883346647024,North Beach,06075010702
47,0,1,00,2025,12,12/10/2025,37.781240256555556,-122.42285270243883,Cathedral Hill,06075016000
48,0,1,00,2025,12,12/10/2025,37.78233597125185,-122.42170102894305,Cathedral Hill,06075016000
49,1,1,01,2025,12,12/10/2025,37.78127947467747,-122.40736093372108,South of Market,06075017602
50,2,2,10,2025,12,12/10/2025,37.77821297873257,-122.41120185703039,South of Market,06075017603
51,0,1,00,2025,12,12/10/2025,37.80301662538349,-122.41394810378553,Russian Hill,06075010401
52,0,1,00,2025,12,12/10/2025,37.806761553103655,-122.4191217496991,Fisherman's Wharf,06075010202
53,0,0,01,2025,12,12/10/2025,37.74055986634604,-122.5069024041295,Outer Sunset,06075035400
54,0,1,00,2025,12,12/10/2025,37.805891100178314,-122.42201048880816,Aquatic Park / Ft. Mason,06075010202
55,0,0,22,2025,12,12/10/2025,37.742553905934834,-122.50714883208275,Outer Sunset,06075035400
56,0,0,30,2025,12,12/10/2025,37.77690891092654,-122.41438630968331,South of Market,06075017603
57,0,0,20,2025,12,12/10/2025,37.74358656454479,-122.50718671828507,Outer Sunset,06075035400
58,0,0,02,2025,12,12/10/2025,37.7112608343246,-122.4539777263999,Outer Mission,06075026201
59,0,0,20,2025,12,12/10/2025,37.74514758825767,-122.50744421035053,Outer Sunset,06075035400
60,0,0,11,2025,12,12/10/2025,37.712686475183375,-122.4510370194912,Outer Mission,06075026202
61,4,2,00,2025,12,12/10/2025,37.77838416739276,-122.40213699638844,South of Market,06075018000
62,0,0,20,2025,12,12/10/2025,37.71363361601986,-122.4494669213891,Outer Mission,06075026202
63,1,1,00,2025,12,12/10/2025,37.77149046292422,-122.40995328873394,South of Market,06075018000
64,0,4,01,2025,12,12/10/2025,37.77023610159822,-122.40849215537308,Showplace Square,06075018000
65,0,0,10,2025,12,12/10/2025,37.71359913616815,-122.45023302733898,Outer Mission,06075026202
66,0,0,02,2025,12,12/10/2025,37.71475200939404,-122.38892193585903,Bret Harte,06075061000
67,0,0,01,2025,12,12/10/2025,37.78630425689771,-122.42451097816227,Cathedral Hill,06075015100
68,1,0,00,2025,12,12/10/2025,37.78242500563817,-122.42511682212353,Cathedral Hill,06075015900
69,0,0,01,2025,12,12/10/2025,37.712383313293216,-122.44484379887581,Crocker Amazon,06075026303
70,1,0,00,2025,12,12/10/2025,37.78487380875778,-122.41975858435316,Tenderloin,06075012202
71,1,0,00,2025,12,12/10/2025,37.78328479022957,-122.41127590229654,Tenderloin,06075012502
72,2,0,00,2025,12,12/10/2025,37.783488134981894,-122.41614775138525,Tenderloin,06075012403
73,0,0,01,2025,12,12/10/2025,37.764221073169615,-122.40079455077648,Potrero Hill,06075022704
74,0,3,15,2025,12,12/10/2025,37.74996823794546,-122.39054029079223,Central Waterfront,06075980900
75,0,0,03,2025,12,12/10/2025,37.74174344158683,-122.38953278955438,Bayview,06075980900
76,0,0,01,2025,12,12/10/2025,37.71047655239049,-122.39874136074482,Little Hollywood,06075061000
77,0,0,02,2025,12,12/10/2025,37.74109305267809,-122.39027554317758,Bayview,06075980900
78,1,1,31,2025,12,12/10/2025,37.76866368072389,-122.40099135786295,Showplace Square,06075060702
79,0,0,01,2025,12,12/10/2025,37.71031346025286,-122.3976936226413,Little Hollywood,06075061000
80,0,0,01,2025,12,12/10/2025,37.74000931803318,-122.39123577507175,Bayview,06075980900
81,0,1,00,2025,12,12/10/2025,37.76929905475861,-122.42206978031457,Mission,06075020101
82,0,0,02,2025,12,12/10/2025,37.779987385603214,-122.42997363209724,Western Addition,06075016102
83,0,2,00,2025,12,12/10/2025,37.793734945190444,-122.39971864968538,Financial District,06075011700
84,0,1,00,2025,12,12/10/2025,37.763671210022586,-122.42179428706663,Mission Dolores,06075020201
85,0,1,00,2025,12,12/10/2025,37.75555409712587,-122.38554548020583,Central Waterfront,06075022600
86,1,1,00,2025,12,12/10/2025,37.77214002980114,-122.38708242774008,Mission Bay,06075060701
87,0,1,00,2025,12,12/10/2025,37.79346814753027,-122.39990975707771,Financial District,06075011700
88,0,0,02,2025,12,12/10/2025,37.75578000953128,-122.39188545838766,Potrero Hill,06075022600
89,0,0,10,2025,12,12/10/2025,37.742063772192374,-122.38848782967982,Bayview,06075980900
90,0,1,00,2025,12,12/10/2025,37.75851113020935,-122.42173288459433,Mission Dolores,06075020701
91,0,0,11,2025,12,12/10/2025,37.74075081319306,-122.38951844361792,Bayview,06075980900
92,0,0,02,2025,12,12/10/2025,37.728319777948954,-122.44386814534664,Mission Terrace,06075031100
93,0,0,15,2025,12,12/10/2025,37.740000091680294,-122.38999530038942,Bayview,06075980900
94,2,2,00,2025,12,12/10/2025,37.77652836577183,-122.39350900053978,Mission Bay,06075060703
95,0,0,01,2025,12,12/10/2025,37.73741327874294,-122.39040317189678,Bayview,06075061200
96,1,1,00,2025,12,12/10/2025,37.77751020007848,-122.39990171045064,South of Market,06075018000
97,0,0,23,2025,12,12/10/2025,37.72938790315419,-122.4420566484332,Sunnyside,06075031100
98,0,1,00,2025,12,12/10/2025,37.77004952247761,-122.45037619024517,Haight Ashbury,06075016602
99,1,1,00,2025,12,12/10/2025,37.78180759235962,-122.39639706909655,South of Market,06075061502
100,0,0,01,2025,12,12/10/2025,37.769487397025614,-122.45184838771821,Haight Ashbury,06075016602
101,1,0,00,2025,12,12/10/2025,37.78117029985403,-122.39469822496174,South Beach,06075061502
102,0,1,00,2025,12,12/10/2025,37.75390579184854,-122.41615455378977,Mission,06075022901
103,0,1,00,2025,12,12/10/2025,37.748462402100195,-122.41594613447184,Mission,06075020900
104,0,0,01,2025,12,12/10/2025,37.745452471858414,-122.50593848526476,Outer Sunset,06075035400
105,0,0,01,2025,12,12/10/2025,37.74729420721332,-122.5065631046891,Outer Sunset,06075035400
106,0,0,02,2025,12,12/10/2025,37.74737453520615,-122.50551301985979,Outer Sunset,06075035400
107,1,1,00,2025,12,12/10/2025,37.78762246703423,-122.38961912691593,Rincon Hill,06075061506
108,0,1,00,2025,12,12/10/2025,37.74831070483397,-122.4154893360334,Mission,06075022901
109,0,1,00,2025,12,12/10/2025,37.76210754716818,-122.43686288595201,Castro,06075020500
110,0,0,10,2025,12,12/10/2025,37.74940524031748,-122.50816572457553,Outer Sunset,06075035201
111,0,0,10,2025,12,12/10/2025,37.728383155222,-122.44856469333172,Sunnyside,06075031100
112,1,0,00,2025,12,12/10/2025,37.76455582812892,-122.42820167088153,Mission Dolores,06075020300
113,2,2,00,2025,12,12/10/2025,37.788357209935576,-122.38811675459146,Rincon Hill,06075061506
114,0,1,00,2025,12,12/10/2025,37.74914433360435,-122.41821675680646,Mission,06075020900
115,0,0,01,2025,12,12/10/2025,37.754851814632076,-122.50867165625094,Outer Sunset,06075035201
116,0,0,01,2025,12,12/10/2025,37.72833118055857,-122.4505867436528,Sunnyside,06075031100
117,0,0,10,2025,12,12/10/2025,37.757648906548496,-122.50895161181688,Outer Sunset,06075035201
118,0,0,40,2025,12,12/10/2025,37.759015339744856,-122.50915579497814,Outer Sunset,06075035202
119,0,0,20,2025,12,12/10/2025,37.7614183984704,-122.50958930701019,Outer Sunset,06075035201
120,0,1,00,2025,12,12/10/2025,37.75418215318741,-122.41867021247164,Mission,06075020900
121,0,0,016,2025,12,12/10/2025,37.7247921811483,-122.39289107519659,Bret Harte,06075023400
122,0,0,20,2025,12,12/10/2025,37.76305511614369,-122.50975996255875,Outer Sunset,06075035201
123,0,0,01,2025,12,12/10/2025,37.76124107417073,-122.50928319990633,Outer Sunset,06075035202
124,0,1,00,2025,12,12/10/2025,37.755215028046514,-122.41889596499684,Mission,06075020900
125,0,0,01,2025,12,12/10/2025,37.72871589488232,-122.39339945782075,Bayview,06075023300
126,0,0,02,2025,12,12/10/2025,37.72225533701481,-122.39185157819348,Bret Harte,06075023400
127,0,0,10,2025,12,12/10/2025,37.76423432558757,-122.50456418842076,Outer Sunset,06075035202
128,0,1,00,2025,12,12/10/2025,37.75028741393345,-122.41820826216458,Mission,06075020900
129,0,1,00,2025,12,12/10/2025,37.787049081635224,-122.39804729819299,South of Market,06075061501
130,0,0,01,2025,12,12/10/2025,37.764244132375325,-122.50234231352805,Outer Sunset,06075035101
131,0,0,12,2025,12,12/10/2025,37.76451236076866,-122.49601498246192,Outer Sunset,06075032700
132,0,0,02,2025,12,12/10/2025,37.742201022372754,-122.4358419701457,Diamond Heights,06075021600
133,0,0,01,2025,12,12/10/2025,37.7543398787252,-122.39867777331737,Potrero Hill,06075061401
134,0,1,04,2025,12,12/10/2025,37.7296954168161,-122.38347464296665,Hunters Point,06075023200
135,0,0,02,2025,12,12/10/2025,37.761105517863015,-122.39957618058922,Potrero Hill,06075022704
136,0,0,01,2025,12,12/10/2025,37.75764917162042,-122.48478289693593,Outer Sunset,06075032602
137,0,0,01,2025,12,12/10/2025,37.757532009733545,-122.48609852045776,Outer Sunset,06075032602
138,0,1,00,2025,12,12/10/2025,37.75220168886872,-122.4207829329915,Mission,06075021000
139,0,0,01,2025,12,12/10/2025,37.75747130813999,-122.48693201690912,Outer Sunset,06075032700
140,0,1,011,2025,12,12/10/2025,37.726098979221526,-122.38117836646764,Hunters Point,06075023200
141,0,1,00,2025,12,12/10/2025,37.74936205522887,-122.41978111165771,Mission,06075020900
142,0,0,01,2025,12,12/10/2025,37.757233802736344,-122.49306958168746,Outer Sunset,06075032700
143,0,0,03,2025,12,12/10/2025,37.726453163739116,-122.39598810023432,Bayview,06075023300
144,0,0,02,2025,12,12/10/2025,37.7285895045171,-122.38289104284108,Hunters Point,06075023200
145,0,0,02,2025,12,12/10/2025,37.72104604739557,-122.39820008394672,Bret Harte,06075023300
146,0,0,01,2025,12,12/10/2025,37.75486294807338,-122.49472115188836,Outer Sunset,06075032902
147,1,0,07,2025,12,12/10/2025,37.72152088488858,-122.39385566831085,Bret Harte,06075023400
148,1,3,00,2025,12,12/10/2025,37.76886545758926,-122.42144609351115,Mission,06075020101
149,1,0,04,2025,12,12/10/2025,37.770106630400036,-122.41957137763426,South of Market,06075020101
150,0,0,01,2025,12,12/10/2025,37.72024611997935,-122.39787695641088,Bret Harte,06075023300
151,0,0,01,2025,12,12/10/2025,37.720795619588905,-122.39927704218076,Bret Harte,06075023300
152,1,2,01,2025,12,12/10/2025,37.769614563588426,-122.41218882181077,South of Market,06075017700
153,0,0,01,2025,12,12/10/2025,37.71932546834039,-122.39854734266461,Bret Harte,06075023300
154,0,0,03,2025,12,12/10/2025,37.76728669053017,-122.40542458313108,Showplace Square,06075017700
155,0,0,03,2025,12,12/10/2025,37.766078390309765,-122.40562786835947,Showplace Square,06075017700
156,0,0,02,2025,12,12/10/2025,37.7270412774909,-122.40073694331866,Bayview,06075023300
157,0,0,46,2025,12,12/10/2025,37.72636561659319,-122.39697974394478,Bayview,06075023300
158,0,0,01,2025,12,12/10/2025,37.7290232891569,-122.49318759888412,Lakeshore,06075060400
159,0,0,01,2025,12,12/10/2025,37.72779882617062,-122.39875165850249,Bayview,06075023300
160,0,0,02,2025,12,12/10/2025,37.73771599351601,-122.42072001099585,Holly Park,06075025401
161,0,0,01,2025,12,12/10/2025,37.738010302037445,-122.42045246064663,Holly Park,06075025401
162,0,0,01,2025,12,12/10/2025,37.7648246491472,-122.41140387286109,Mission,06075017700
163,0,2,01,2025,12,12/10/2025,37.766884983419935,-122.41162346222039,Mission,06075017700
164,0,0,01,2025,12,12/10/2025,37.73824919485082,-122.41999983787537,Holly Park,06075025401
165,0,2,01,2025,12,12/10/2025,37.76807156165125,-122.41277643622229,Mission,06075017700
166,0,0,02,2025,12,12/10/2025,37.77500000000001,-122.41830000000002,South of Market,06075017700
167,0,0,01,2025,12,12/10/2025,37.736142881371606,-122.42038942873478,Holly Park,06075025401
168,0,0,02,2025,12,12/10/2025,37.76701871633313,-122.41444741201325,Mission,06075017700
169,0,0,01,2025,12,12/10/2025,37.71748968834683,-122.4772824347019,Parkmerced,06075033203
170,0,0,01,2025,12,12/10/2025,37.742422403316446,-122.41076264530419,Bernal Heights,06075025200
171,0,0,02,2025,12,12/10/2025,37.715814036205735,-122.47121762484312,Merced Heights,06075031302
172,0,0,01,2025,12,12/10/2025,37.71607289219295,-122.46984701603651,Merced Heights,06075031302
173,0,0,01,2025,12,12/10/2025,37.714410999802126,-122.46462542563677,Merced Heights,06075031302
174,0,0,01,2025,12,12/10/2025,37.711943553946185,-122.46525574475525,Merced Heights,06075031302
175,1,0,00,2025,12,12/10/2025,37.74865738529581,-122.40627765655516,Peralta Heights,06075025100
176,0,0,01,2025,12,12/10/2025,37.7370080574157,-122.40914091467857,Bernal Heights,06075025100
177,0,0,01,2025,12,12/10/2025,37.72369229494068,-122.41942718625067,University Mound,06075025900
178,0,0,02,2025,12,12/10/2025,37.71451125545869,-122.41624776273964,McLaren Park,06075980501
179,0,0,09,2025,12,12/10/2025,37.719225239971635,-122.40947350859642,Portola,06075025900
180,0,0,02,2025,12,12/10/2025,37.76478726177315,-122.41331309207865,Mission,06075017700
181,0,0,01,2025,12,12/10/2025,37.76314615216493,-122.40903880949023,Mission,06075022801
182,0,0,03,2025,12,12/10/2025,37.71717222439811,-122.39995367825033,Portola,06075025800
183,0,0,03,2025,12,12/10/2025,37.76412610408319,-122.41034193607832,Mission,06075022801
184,0,0,02,2025,12,12/10/2025,37.763148015440294,-122.41122087365024,Mission,06075022801
185,0,0,02,2025,12,12/10/2025,37.76363513775177,-122.41220782435424,Mission,06075022801
186,0,0,11,2025,12,12/10/2025,37.76162742829697,-122.41200584376618,Mission,06075022801
187,0,0,04,2025,12,12/10/2025,37.76285059837344,-122.41384718578534,Mission,06075022801
188,0,0,02,2025,12,12/10/2025,37.722286548069974,-122.40892051867364,Portola,06075025900
189,0,0,01,2025,12,12/10/2025,37.72472769326457,-122.40914244080655,Portola,06075025900
190,0,0,01,2025,12,12/10/2025,37.760347658158885,-122.4121956213685,Mission,06075022801
191,0,0,02,2025,12,12/10/2025,37.760998313540526,-122.40808077721938,Mission,06075022802
192,0,0,03,2025,12,12/10/2025,37.7256562923852,-122.4752875417471,Parkmerced,06075033201
193,0,0,10,2025,12,12/10/2025,37.754244314545744,-122.40448831308241,Potrero Hill,06075022903
194,0,0,02,2025,12,12/10/2025,37.73848566011765,-122.39539724810648,Bayview,06075980900
195,0,0,01,2025,12,12/10/2025,37.731830107716966,-122.43072733283043,Mission Terrace,06075025502
196,0,1,00,2025,12,12/10/2025,37.755743587424895,-122.41551410180675,Mission,06075022803
197,0,0,01,2025,12,12/10/2025,37.73184044912856,-122.43142805993556,St. Mary's Park,06075025502
198,0,0,01,2025,12,12/10/2025,37.74464221919073,-122.38963700143978,Central Waterfront,06075980900
199,0,1,00,2025,12,12/10/2025,37.745564815645906,-122.38894110982841,Central Waterfront,06075980900
200,0,1,06,2025,12,12/10/2025,37.74427489138935,-122.38767964096179,Central Waterfront,06075980900
201,0,0,02,2025,12,12/10/2025,37.74532502100497,-122.39091941428461,Central Waterfront,06075980900
202,0,0,01,2025,12,12/10/2025,37.74668220509161,-122.39077401361885,Central Waterfront,06075980900
203,0,0,015,2025,12,12/10/2025,37.718076608505854,-122.48470880091189,Parkmerced,06075033203
204,0,0,05,2025,12,12/10/2025,37.722800722811634,-122.39120463637164,Bret Harte,06075023400
205,0,0,01,2025,12,12/10/2025,37.71945040253742,-122.48476780951023,Parkmerced,06075033204
206,0,0,05,2025,12,12/10/2025,37.72372153467989,-122.38965224680231,Bayview,06075023400
207,0,0,26,2025,12,12/10/2025,37.746893745488634,-122.39940722756197,Produce Market,06075980900
208,0,0,01,2025,12,12/10/2025,37.74871042320652,-122.40196748464085,Produce Market,06075980900
209,0,0,02,2025,12,12/10/2025,37.72787324992496,-122.39177001252868,Bayview,06075023200
210,0,0,01,2025,12,12/10/2025,37.74944679811876,-122.41180908331117,Mission,06075022901
211,3,4,00,2025,12,12/10/2025,37.74848744859585,-122.41759841026477,Mission,06075020900
212,0,0,05,2025,12,12/10/2025,37.74514810773263,-122.39789390057773,Produce Market,06075980900
213,0,0,011,2025,12,12/10/2025,37.74389449046196,-122.39900643058436,Produce Market,06075980900
214,0,0,06,2025,12,12/10/2025,37.72683970610783,-122.3832886286039,Hunters Point,06075023200
215,0,0,01,2025,12,12/10/2025,37.74121523266087,-122.40139517934284,Produce Market,06075980900
216,0,0,03,2025,12,12/10/2025,37.742530106279375,-122.40338905524457,Produce Market,06075980900
217,0,0,05,2025,12,12/10/2025,37.73006326172872,-122.38891680512455,Bayview,06075023200
218,0,0,011,2025,12,12/10/2025,37.74446580431695,-122.40303436549607,Produce Market,06075980900
219,0,1,13,2025,12,12/10/2025,37.72597776668817,-122.38016863801619,Hunters Point,06075023200
220,0,0,316,2025,12,12/10/2025,37.747108371926515,-122.40331708546948,Produce Market,06075980900
221,0,0,03,2025,12,12/10/2025,37.7433653561954,-122.40244320738472,Produce Market,06075980900
222,0,0,01,2025,12,12/10/2025,37.73252261515939,-122.38976516774035,Bayview,06075023200
223,0,0,02,2025,12,12/10/2025,37.74175361363544,-122.399850004366,Produce Market,06075980900
224,0,0,04,2025,12,12/10/2025,37.74030167628894,-122.39654870334299,Produce Market,06075980900
225,0,0,02,2025,12,12/10/2025,37.7279051826214,-122.37958982089302,Hunters Point,06075023103
226,1,0,04,2025,12,12/10/2025,37.72775965676766,-122.38187895380261,Hunters Point,06075023200
227,0,0,03,2025,12,12/10/2025,37.745167013999314,-122.39519533012145,Produce Market,06075980900
228,4,0,01,2025,12,12/10/2025,37.74522511455281,-122.39569656190305,Produce Market,06075980900
229,1,1,04,2025,12,12/10/2025,37.74270135358564,-122.4030839887104,Produce Market,06075980900
230,0,1,03,2025,12,12/10/2025,37.74131454426048,-122.40050708630653,Produce Market,06075980900
231,0,1,00,2025,12,12/10/2025,37.74048390685112,-122.39905262996345,Produce Market,06075980900
232,0,0,01,2025,12,12/10/2025,37.73935308031746,-122.39744549111181,Produce Market,06075980900
233,0,0,01,2025,12,12/10/2025,37.73963205475441,-122.4000144660663,Apparel City,06075023001
234,1,0,00,2025,12,12/10/2025,37.73859890787961,-122.40233816175824,Apparel City,06075023001
235,0,1,00,2025,12,12/10/2025,37.738122002290936,-122.40672679305426,Apparel City,06075980900
236,0,0,01,2025,12,12/10/2025,37.73931816806017,-122.40691816439798,Apparel City,06075980900
237,0,0,70,2025,12,12/10/2025,37.74238795923048,-122.40516377245277,Apparel City,06075980900
238,1,3,23,2025,12,12/10/2025,37.74198803593896,-122.4046807584336,Apparel City,06075980900
239,0,0,02,2025,12,12/10/2025,37.73806754671403,-122.40400763306963,Apparel City,06075023001
240,0,0,01,2025,12,12/10/2025,37.736510164949046,-122.4042696744399,Apparel City,06075023001
241,0,0,01,2025,12,12/10/2025,37.741441804129785,-122.39964570703636,Produce Market,06075980900
242,0,0,01,2025,12,12/10/2025,37.74531771478794,-122.37644330201013,Central Waterfront,06075980900
243,0,0,01,2025,12,12/10/2025,37.74569676558936,-122.37823596976496,Central Waterfront,06075980900
244,2,0,00,2025,12,12/10/2025,37.74542639618755,-122.38663569775194,India Basin,06075980900
245,1,0,00,2025,12,12/10/2025,37.74794193835774,-122.38675299287529,Central Waterfront,06075980900
246,0,1,00,2025,12,12/10/2025,37.74642489610337,-122.38837366843889,Central Waterfront,06075980900
247,0,0,11,2025,12,12/10/2025,37.7512755689697,-122.38105696462908,Central Waterfront,06075980900
248,0,0,02,2025,12,12/10/2025,37.75237953814202,-122.38685856173727,Central Waterfront,06075980900
249,0,0,01,2025,12,12/10/2025,37.76026154582502,-122.38242676411141,Central Waterfront,06075022600
250,0,1,00,2025,12,12/10/2025,37.79427083531015,-122.39175940856533,Financial District,06075010500
251,0,1,00,2025,12,12/10/2025,37.809371793574726,-122.4168875784538,Fisherman's Wharf,06075010101
252,0,1,00,2025,12,12/11/2025,37.72050612728306,-122.41723734655274,McLaren Park,06075980501
253,0,0,01,2025,12,12/11/2025,37.722566507564736,-122.41797282704258,McLaren Park,06075980501
254,0,0,01,2025,12,12/11/2025,37.70892896097038,-122.48727509311759,Lakeshore,06075060400
255,0,0,01,2025,12,12/11/2025,37.71035409332867,-122.48824056682413,Lakeshore,06075060400
256,0,0,01,2025,12,12/11/2025,37.71052881355184,-122.48836041316855,Lakeshore,06075060400
257,0,0,01,2025,12,12/11/2025,37.71083593617328,-122.48843809482567,Lakeshore,06075060400
258,0,0,01,2025,12,12/11/2025,37.71134504355604,-122.48867361404622,Lakeshore,06075060400
259,0,0,01,2025,12,12/11/2025,37.71247459690913,-122.48982129260588,Lakeshore,06075060400
260,0,0,01,2025,12,12/11/2025,37.71254563715289,-122.48999210863643,Lakeshore,06075060400
261,0,0,01,2025,12,12/11/2025,37.7126851646681,-122.49022120698439,Lakeshore,06075060400
262,0,0,01,2025,12,12/11/2025,37.71274697336626,-122.49029046597761,Lakeshore,06075060400
263,0,0,01,2025,12,12/11/2025,37.71305221157691,-122.4906898651403,Lakeshore,06075060400
264,0,0,01,2025,12,12/11/2025,37.71298949735871,-122.49088893241255,Lakeshore,06075060400
265,0,0,01,2025,12,12/11/2025,37.71330415354581,-122.49110858822146,Lakeshore,06075060400
266,0,0,001,2025,12,12/11/2025,37.71350768196781,-122.49125662080036,Lakeshore,06075060400
267,0,0,01,2025,12,12/11/2025,37.713609889013775,-122.49146504692233,Lakeshore,06075060400
268,0,0,02,2025,12,12/11/2025,37.71385881259036,-122.49159905966675,Lakeshore,06075060400
269,0,0,01,2025,12,12/11/2025,37.71390504354573,-122.49184364280623,Lakeshore,06075060400
270,0,0,01,2025,12,12/11/2025,37.71419760321507,-122.49186136919941,Lakeshore,06075060400
271,0,0,02,2025,12,12/11/2025,37.714343225087234,-122.49198497386007,Lakeshore,06075060400
272,0,0,02,2025,12,12/11/2025,37.71471968274904,-122.49230195891253,Lakeshore,06075060400
273,0,0,01,2025,12,12/11/2025,37.71479221418996,-122.49233893115257,Lakeshore,06075060400
274,0,0,01,2025,12,12/11/2025,37.71499906908665,-122.49259643616168,Lakeshore,06075060400
275,0,0,01,2025,12,12/11/2025,37.7151379008641,-122.49271941453716,Lakeshore,06075060400
276,0,0,01,2025,12,12/11/2025,37.71518552925024,-122.49280652429802,Lakeshore,06075060400
277,0,0,01,2025,12,12/11/2025,37.71524734473407,-122.4928769806394,Lakeshore,06075060400
278,0,0,01,2025,12,12/11/2025,37.71535220386535,-122.4931224742759,Lakeshore,06075060400
279,0,0,02,2025,12,12/11/2025,37.71546551544639,-122.49326537706283,Lakeshore,06075060400
280,0,0,01,2025,12,12/11/2025,37.715601837061925,-122.4936810217269,Lakeshore,06075060400
281,0,0,01,2025,12,12/11/2025,37.715716347953496,-122.49389623554028,Lakeshore,06075060400
282,0,0,01,2025,12,12/11/2025,37.71574663363916,-122.49396819772616,Lakeshore,06075060400
283,0,0,001,2025,12,12/11/2025,37.71578597283956,-122.49416093735753,Lakeshore,06075060400
284,0,0,01,2025,12,12/11/2025,37.715805524426976,-122.49410888720624,Lakeshore,06075060400
285,0,0,01,2025,12,12/11/2025,37.71590550662171,-122.49452672593479,Lakeshore,06075060400
286,0,0,01,2025,12,12/11/2025,37.7159146269701,-122.49465739209556,Lakeshore,06075060400
287,0,0,02,2025,12,12/11/2025,37.715983536202145,-122.49479062029882,Lakeshore,06075060400
288,0,0,01,2025,12,12/11/2025,37.71650656606845,-122.49653794162244,Lakeshore,06075060400
289,0,0,01,2025,12,12/11/2025,37.71730068533277,-122.49854389640939,Lakeshore,06075060400
290,0,0,01,2025,12,12/11/2025,37.71741770075119,-122.49862378144161,Lakeshore,06075060400
291,0,0,01,2025,12,12/11/2025,37.717497356220896,-122.49876585707409,Lakeshore,06075060400
292,0,0,01,2025,12,12/11/2025,37.71765832135662,-122.49896309533584,Lakeshore,06075060400
293,0,0,01,2025,12,12/11/2025,37.7178599819098,-122.49915781796291,Lakeshore,06075060400
294,0,0,02,2025,12,12/11/2025,37.71819734614831,-122.49954562056247,Lakeshore,06075060400
295,0,0,01,2025,12,12/11/2025,37.71800176467802,-122.49940470145958,Lakeshore,06075060400
296,0,0,01,2025,12,12/11/2025,37.71789333325364,-122.49929709041977,Lakeshore,06075060400
297,0,0,02,2025,12,12/11/2025,37.71779071146701,-122.49926184775596,Lakeshore,06075060400
298,0,0,02,2025,12,12/11/2025,37.71767365218322,-122.49912036575681,Lakeshore,06075060400
299,0,0,01,2025,12,12/11/2025,37.72521467231603,-122.49892752629007,Lakeshore,06075060400
300,0,0,01,2025,12,12/11/2025,37.72584393980688,-122.48437887223926,Lakeshore,06075060400
301,0,0,01,2025,12,12/11/2025,37.7257389115353,-122.48448485951161,Lakeshore,06075060400
302,0,0,00,2025,12,12/11/2025,37.7254009208447,-122.4846420833801,Lakeshore,06075060400
303,0,0,01,2025,12,12/11/2025,37.72526231271655,-122.48467332105012,Lakeshore,06075060400
304,0,0,00,2025,12,12/11/2025,37.72516998376322,-122.48472117801079,Lakeshore,06075060400
305,0,0,01,2025,12,12/11/2025,37.72493055804577,-122.48481280815128,Lakeshore,06075060400
306,0,0,01,2025,12,12/11/2025,37.72477247155843,-122.48488711773571,Lakeshore,06075060400
307,0,0,01,2025,12,12/11/2025,37.72472484290208,-122.48491914763392,Lakeshore,06075060400
308,0,0,01,2025,12,12/11/2025,37.72451775264485,-122.48501503835742,Lakeshore,06075060400
309,0,0,01,2025,12,12/11/2025,37.72442478473829,-122.4850422763247,Lakeshore,06075060400
310,0,0,02,2025,12,12/11/2025,37.72276101813781,-122.48517554538671,Lakeshore,06075060400
311,0,0,01,2025,12,12/11/2025,37.72195642790047,-122.48517877390394,Lakeshore,06075060400
312,0,0,01,2025,12,12/11/2025,37.72180644790318,-122.48517108699329,Lakeshore,06075060400
313,0,0,01,2025,12,12/11/2025,37.721644466431506,-122.48519525688997,Lakeshore,06075060400
314,0,0,01,2025,12,12/11/2025,37.72100941759275,-122.48520637238518,Lakeshore,06075060400
315,1,0,00,2025,12,12/11/2025,37.71399661619247,-122.48395367358606,Lakeshore,06075060400
316,1,0,00,2025,12,12/11/2025,37.713746032755154,-122.48346657302993,Lakeshore,06075060400
317,1,0,00,2025,12,12/11/2025,37.713937304350424,-122.48452655610654,Lakeshore,06075060400
318,1,0,00,2025,12,12/11/2025,37.71053185245161,-122.48580513268678,Lakeshore,06075060400
319,1,0,00,2025,12,12/11/2025,37.728426827287315,-122.48582506130315,Lakeshore,06075060400
320,0,0,01,2025,12,12/11/2025,37.771777991655874,-122.44846732652627,Haight Ashbury,06075980300
321,0,0,01,2025,12,12/11/2025,37.772207360119644,-122.44515915369324,Haight Ashbury,06075980300
322,0,0,01,2025,12,12/11/2025,37.769376395168266,-122.43856498300782,Buena Vista,06075016700
323,0,0,01,2025,12,12/11/2025,37.76851089750676,-122.4435507470803,Buena Vista,06075017101
324,0,0,01,2025,12,12/11/2025,37.77274742469401,-122.44800394261304,Panhandle,06075016500
325,0,0,01,2025,12,12/11/2025,37.76560378649772,-122.4742651838924,Golden Gate Park,06075030201
326,0,0,01,2025,12,12/11/2025,37.765391585447766,-122.4802022008138,Golden Gate Park,06075980300
327,0,0,10,2025,12,12/11/2025,37.76533807635932,-122.48103814731535,Outer Sunset,06075980300
328,0,0,01,2025,12,12/11/2025,37.76533604935498,-122.48166763451442,Golden Gate Park,06075980300
329,0,0,01,2025,12,12/11/2025,37.76423136497774,-122.50714334972402,Golden Gate Park,06075980300
330,0,0,01,2025,12,12/11/2025,37.76406602109869,-122.50887378355179,Golden Gate Park,06075035202
331,0,0,01,2025,12,12/11/2025,37.77020114335314,-122.51000771577871,Golden Gate Park,06075980300
332,0,0,02,2025,12,12/11/2025,37.767678985710916,-122.50191648550938,Golden Gate Park,06075980300
333,0,0,01,2025,12,12/11/2025,37.771714092698005,-122.49455715794899,Golden Gate Park,06075980300
334,0,0,01,2025,12,12/11/2025,37.770395391846606,-122.49341644716323,Golden Gate Park,06075980300
335,0,0,01,2025,12,12/11/2025,37.76733874782059,-122.45910500152739,Golden Gate Park,06075980300
336,0,1,00,2025,12,12/11/2025,37.773598434174076,-122.45510556699567,Golden Gate Park,06075980300
337,0,1,00,2025,12,12/11/2025,37.76882567619066,-122.45520875433282,Golden Gate Park,06075980300
338,0,1,00,2025,12,12/11/2025,37.768226406289905,-122.4580304067131,Golden Gate Park,06075980300
339,0,1,00,2025,12,12/11/2025,37.76883472889651,-122.47861735873656,Golden Gate Park,06075980300
340,0,1,00,2025,12,12/11/2025,37.771945724455726,-122.47988300635865,Golden Gate Park,06075980300
341,0,1,00,2025,12,12/11/2025,37.765839728162426,-122.5029646382195,Golden Gate Park,06075980300
342,1,1,00,2025,12,12/11/2025,37.766007841850794,-122.50934990415038,Golden Gate Park,06075980300
343,0,1,00,2025,12,12/11/2025,37.770307411915404,-122.4715392102904,Golden Gate Park,06075980300
344,0,1,00,2025,12,12/11/2025,37.76539618143935,-122.49827097398634,Golden Gate Park,06075980300
345,4,2,00,2025,12,12/16/2025,37.74904655716126,-122.40535866469143,Peralta Heights,06075025100
346,0,1,00,2025,9,09/10/2025,37.753175947531055,-122.50545937567948,Outer Sunset,06075035201
347,0,0,12,2025,9,09/10/2025,37.76321679802922,-122.50974152237177,Outer Sunset,06075035202
348,0,1,00,2025,9,09/10/2025,37.76581373175304,-122.46666558086874,Inner Sunset,06075030202
349,0,1,00,2025,9,09/10/2025,37.76394277184414,-122.47047733515501,Inner Sunset,06075030202
350,0,0,10,2025,9,09/10/2025,37.765761783370465,-122.47291848063469,Golden Gate Park,06075980300
351,0,0,02,2025,9,09/10/2025,37.76544903213285,-122.47929509729147,Outer Sunset,06075980300
352,0,0,10,2025,9,09/10/2025,37.765159603538045,-122.48572167009115,Golden Gate Park,06075980300
353,0,0,03,2025,9,09/10/2025,37.76473579533781,-122.49506782740355,Golden Gate Park,06075980300
354,0,0,02,2025,9,09/10/2025,37.764596115680305,-122.49784156680107,Golden Gate Park,06075980300
355,0,0,30,2025,9,09/10/2025,37.76436631954074,-122.50403512269258,Outer Sunset,06075980300
356,0,0,01,2025,9,09/10/2025,37.76397961369879,-122.50620938837528,Outer Sunset,06075035202
357,0,0,12,2025,9,09/10/2025,37.76409623527599,-122.50867802649735,Golden Gate Park,06075035202
358,0,0,01,2025,9,09/10/2025,37.76217990740898,-122.50927481800319,Outer Sunset,06075035202
359,0,0,11,2025,9,09/10/2025,37.76067278535954,-122.50944513827561,Outer Sunset,06075035201
360,0,0,20,2025,9,09/10/2025,37.75954918283138,-122.50933650881052,Outer Sunset,06075035201
361,0,0,13,2025,9,09/10/2025,37.75933660029627,-122.50928990542889,Outer Sunset,06075035201
362,0,0,10,2025,9,09/10/2025,37.75936390207749,-122.50898681581022,Outer Sunset,06075035202
363,0,0,11,2025,9,09/10/2025,37.75789966417241,-122.50908974558115,Outer Sunset,06075035201
364,0,0,11,2025,9,09/10/2025,37.75558237689388,-122.50881012529135,Outer Sunset,06075035201
365,0,0,11,2025,9,09/10/2025,37.74945640488322,-122.50799372792245,Outer Sunset,06075035201
366,0,0,02,2025,9,09/10/2025,37.74728413306946,-122.50739458948374,Outer Sunset,06075035400
367,2,0,00,2025,9,09/10/2025,37.780821045331024,-122.40783233195543,South of Market,06075017602
368,0,0,03,2025,9,09/10/2025,37.744329433535775,-122.50732250511646,Outer Sunset,06075035400
369,0,0,21,2025,9,09/10/2025,37.742464558415115,-122.50707138329743,Outer Sunset,06075035400
370,0,0,01,2025,9,09/10/2025,37.73864531508664,-122.50661976635455,Outer Sunset,06075035400
371,0,0,10,2025,9,09/10/2025,37.736773137798075,-122.50631667673588,Parkside,06075035400
372,0,1,00,2025,9,09/10/2025,37.73616462358422,-122.50435564666988,Parkside,06075035400
373,1,0,00,2025,9,09/10/2025,37.77884870675955,-122.39897232502699,South of Market,06075018000
374,0,0,01,2025,9,09/10/2025,37.73690332472113,-122.49356981366874,Parkside,06075033001
375,0,0,01,2025,9,09/10/2025,37.73224508886835,-122.49432787299155,Lakeshore,06075033100
376,0,0,02,2025,9,09/10/2025,37.72853748793621,-122.49279532581569,Lakeshore,06075060400
377,0,0,01,2025,9,09/10/2025,37.77224709780422,-122.4406887218356,Buena Vista,06075016601
378,0,0,22,2025,9,09/10/2025,37.71924990445569,-122.48486135154964,Parkmerced,06075033204
379,0,0,01,2025,9,09/10/2025,37.77030050308878,-122.44477406144141,Haight Ashbury,06075016601
380,0,2,00,2025,9,09/10/2025,37.76993026000902,-122.44765743613243,Haight Ashbury,06075016601
381,0,0,20,2025,9,09/10/2025,37.708785856655894,-122.48703327029942,Lakeshore,06075060400
382,0,1,00,2025,9,09/10/2025,37.77207960521609,-122.45397370308638,Golden Gate Park,06075016500
383,0,0,10,2025,9,09/10/2025,37.73041438135548,-122.50197988003492,Lakeshore,06075060400
384,0,1,00,2025,9,09/10/2025,37.76888683771952,-122.47862722724678,Golden Gate Park,06075980300
385,0,0,07,2025,9,09/10/2025,37.74700449623829,-122.39854109145446,Produce Market,06075980900
386,1,0,00,2025,9,09/10/2025,37.775993055204964,-122.40565236657858,South of Market,06075018000
387,0,0,010,2025,9,09/10/2025,37.74371818767696,-122.39932650074638,Produce Market,06075980900
388,0,1,00,2025,9,09/10/2025,37.74263575555446,-122.40009202667456,Produce Market,06075980900
389,3,0,00,2025,9,09/10/2025,37.778326927884855,-122.40201294422151,South of Market,06075018000
390,0,1,00,2025,9,09/10/2025,37.76326397726692,-122.43527099490167,Duboce Triangle,06075017000
391,0,0,02,2025,9,09/10/2025,37.74141380758531,-122.40253328073702,Apparel City,06075980900
392,0,0,00,2025,9,09/10/2025,37.738949258012966,-122.40388881313666,Apparel City,06075980900
393,1,0,00,2025,9,09/10/2025,37.78439857366298,-122.4200950562954,Tenderloin,06075012202
394,0,02,00,2025,9,09/10/2025,37.78557028850026,-122.41865169256924,Tenderloin,06075012202
395,1,0,00,2025,9,09/10/2025,37.786443630578546,-122.41929743438959,Lower Nob Hill,06075012202
396,1,0,00,2025,9,09/10/2025,37.787217600171616,-122.4206294864416,Lower Nob Hill,06075012002
397,0,1,00,2025,9,09/10/2025,37.7884041081706,-122.41882033646107,Lower Nob Hill,06075012001
398,0,0,00,2025,9,09/10/2025,37.731442252263506,-122.39141085648592,Bayview,06075023200
399,0,0,00,2025,9,09/10/2025,37.74534944267825,-122.39280702655509,Produce Market,06075980900
400,0,0,00,2025,9,09/10/2025,37.72837335629698,-122.38465009123392,Hunters Point,06075023200
401,0,0,00,2025,9,09/10/2025,37.74536417859105,-122.39099663269552,Central Waterfront,06075980900
402,1,0,00,2025,9,09/10/2025,37.770072844893456,-122.41900775581598,South of Market,06075020101
403,0,0,00,2025,9,09/10/2025,37.745457287298706,-122.38958281345154,Central Waterfront,06075980900
404,0,0,09,2025,9,09/10/2025,37.7449185812056,-122.38842577051989,Central Waterfront,06075980900
405,1,0,00,2025,9,09/10/2025,37.77298437870484,-122.42119677364826,South of Market,06075020101
406,0,0,02,2025,9,09/10/2025,37.71504636589895,-122.38894977403675,Bret Harte,06075061000
407,0,0,00,2025,9,09/10/2025,37.731157068172024,-122.41910718153123,University Mound,06075025701
408,0,0,00,2025,9,09/10/2025,37.77500000000001,-122.41830000000002,South of Market,06075017700
409,0,0,00,2025,9,09/10/2025,37.73548728974004,-122.38336883307028,Bayview,06075023102
410,1,1,00,2025,9,09/10/2025,37.78230523316501,-122.42170907557012,Cathedral Hill,06075016000
411,0,1,04,2025,9,09/10/2025,37.73785025918726,-122.39291210449571,Bayview,06075061200
412,0,0,02,2025,9,09/10/2025,37.73310288598462,-122.47792314738037,Merced Manor,06075033100
413,0,0,00,2025,9,09/10/2025,37.73249172206385,-122.37984490592254,Bayview,06075023103
414,0,0,01,2025,9,09/10/2025,37.73370320547435,-122.47934572398663,Merced Manor,06075033100
415,0,0,09,2025,9,09/10/2025,37.73838878239748,-122.3904975262053,Bayview,06075061200
416,0,0,03,2025,9,09/10/2025,37.72561359734237,-122.47516818344594,Parkmerced,06075033201
417,0,0,00,2025,9,09/10/2025,37.727554648245096,-122.37141514208388,Hunters Point,06075980600
418,0,0,00,2025,9,09/10/2025,37.736160670318974,-122.3920117831599,Bayview,06075061200
419,1,0,00,2025,9,09/10/2025,37.77711852792925,-122.41462804377079,South of Market,06075017603
420,0,0,00,2025,9,09/10/2025,37.73230601424858,-122.41297109999998,Portola,06075025701
421,0,0,00,2025,9,09/10/2025,37.73691256828263,-122.39272057563927,Bayview,06075061200
422,0,0,00,2025,9,09/10/2025,37.729977070770246,-122.36903342429768,Hunters Point,06075980600
423,0,0,00,2025,9,09/10/2025,37.73100037193183,-122.37388445075824,Hunters Point,06075023103
424,0,0,00,2025,9,09/10/2025,37.737588131132306,-122.39233694312972,Bayview,06075061200
425,0,0,00,2025,9,09/10/2025,37.7345068142667,-122.40746289999998,Portola,06075025701
426,0,0,02,2025,9,09/10/2025,37.71461204143173,-122.47016184031963,Merced Heights,06075031302
427,0,0,01,2025,9,09/10/2025,37.71551963946539,-122.47074153274298,Merced Heights,06075031302
428,0,0,01,2025,9,09/10/2025,37.716102862141256,-122.47171819210052,Merced Heights,06075031302
429,0,0,00,2025,9,09/10/2025,37.73435889004044,-122.37631679689704,India Basin,06075023103
430,0,0,01,2025,9,09/10/2025,37.71430490901255,-122.46484939008951,Merced Heights,06075031302
431,0,0,00,2025,9,09/10/2025,37.73097161423762,-122.4127578,Portola,06075025701
432,0,0,01,2025,9,09/10/2025,37.73738562160749,-122.39042978188117,Bayview,06075061200
433,0,0,00,2025,9,09/10/2025,37.73362057912042,-122.38055834695098,Bayview,06075023103
434,0,0,02,2025,9,09/10/2025,37.71320447333803,-122.45736770331858,Oceanview,06075031401
435,0,1,07,2025,9,09/10/2025,37.722240233287856,-122.3884982636984,Hunters Point,06075023400
436,0,1,00,2025,9,09/10/2025,37.71170059772329,-122.45605643838643,Oceanview,06075031401
437,0,0,04,2025,9,09/10/2025,37.72368417843732,-122.391080406707,Bret Harte,06075023400
438,0,0,02,2025,9,09/10/2025,37.7114804511129,-122.45638601481915,Oceanview,06075031401
439,0,0,05,2025,9,09/10/2025,37.724900440019184,-122.39315573558673,Bret Harte,06075023400
440,0,0,03,2025,9,09/10/2025,37.72446347881211,-122.39070697813426,Bayview,06075023400
441,0,1,00,2025,9,09/10/2025,37.71028979142434,-122.45694994926453,Outer Mission,06075026201
442,0,0,00,2025,9,09/10/2025,37.72694851420454,-122.41558719999999,University Mound,06075025900
443,0,0,02,2025,9,09/10/2025,37.72535883928898,-122.39229036989023,Bayview,06075023400
444,0,0,02,2025,9,09/10/2025,37.726624963862065,-122.38974506765483,Bayview,06075023200
445,0,0,40,2025,9,09/10/2025,37.726970926751164,-122.38682119219781,Bayview,06075023200
446,0,0,00,2025,9,09/10/2025,37.73002882589441,-122.38246407322745,Hunters Point,06075023103
447,0,0,02,2025,9,09/10/2025,37.71127462670242,-122.45397303253412,Outer Mission,06075026201
448,0,0,00,2025,9,09/10/2025,37.73860783511423,-122.39913256547193,Silver Terrace,06075023001
449,0,0,07,2025,9,09/10/2025,37.72628992414706,-122.38404314932613,Hunters Point,06075023200
450,0,0,00,2025,9,09/10/2025,37.72836441581601,-122.37953203213144,Hunters Point,06075023103
451,0,0,01,2025,9,09/10/2025,37.72556648440048,-122.38279255913736,Hunters Point,06075023200
452,0,0,04,2025,9,09/10/2025,37.72533872132393,-122.38097740134916,Hunters Point,06075023200
453,0,0,12,2025,9,09/10/2025,37.72647440419852,-122.38103014395075,Hunters Point,06075023200
454,0,0,00,2025,9,09/10/2025,37.729641114226666,-122.41416570000001,Portola,06075025701
455,0,0,12,2025,9,09/10/2025,37.7278468721786,-122.38046347670921,Hunters Point,06075023200
456,0,1,00,2025,9,09/10/2025,37.710542035695546,-122.4481026828289,Crocker Amazon,06075026202
457,0,0,00,2025,9,09/10/2025,37.72802831421342,-122.41276059999998,Portola,06075025701
458,0,0,02,2025,9,09/10/2025,37.71937375717077,-122.44875513017179,Oceanview,06075031202
459,1,0,00,2025,9,09/10/2025,37.77588069249477,-122.39518705755472,Mission Bay,06075060703
460,0,0,00,2025,9,09/10/2025,37.732873014253265,-122.409475,Portola,06075025701
461,0,0,04,2025,9,09/10/2025,37.72796017869076,-122.38028413215136,Hunters Point,06075023103
462,0,0,01,2025,9,09/10/2025,37.72004102005569,-122.46140778064728,Ingleside,06075031201
463,1,0,00,2025,9,09/10/2025,37.784470117163856,-122.43340384215118,Lower Pacific Heights,06075015500
464,0,0,00,2025,9,09/10/2025,37.73389231426164,-122.40796120000002,Portola,06075025701
465,0,0,010,2025,9,09/10/2025,37.72683507505511,-122.3804955011077,Hunters Point,06075023200
466,0,1,00,2025,9,09/10/2025,37.793612276673876,-122.40788731724024,Nob Hill,06075011300
467,0,0,06,2025,9,09/10/2025,37.72638796982344,-122.38251796264692,Hunters Point,06075023200
468,0,0,00,2025,9,09/10/2025,37.72952111037378,-122.38327005274691,Hunters Point,06075023200
469,0,0,02,2025,9,09/10/2025,37.72668246980022,-122.38340913266785,Hunters Point,06075023200
470,0,0,00,2025,9,09/10/2025,37.73063668510541,-122.38498594623279,Bayview,06075023102
471,0,0,00,2025,9,09/10/2025,37.73118457844249,-122.38602369481268,Bayview,06075023200
472,3,1,00,2025,9,09/10/2025,37.74810380211528,-122.39090224836318,Central Waterfront,06075980900
473,0,0,02,2025,9,09/10/2025,37.72691029417265,-122.3860196399142,Hunters Point,06075023200
474,0,0,00,2025,9,09/10/2025,37.732259640200056,-122.38792357102308,Bayview,06075023200
475,2,0,00,2025,9,09/10/2025,37.71877093461944,-122.4481238052249,Cayuga,06075026100
476,0,0,00,2025,9,09/10/2025,37.73339664225357,-122.38985882714763,Bayview,06075061200
477,0,0,00,2025,9,09/10/2025,37.73354918084179,-122.4037025220049,Silver Terrace,06075023001
478,0,0,00,2025,9,09/10/2025,37.73387183470058,-122.39078315617556,Bayview,06075023200
479,2,0,15,2025,9,09/10/2025,37.72349575169692,-122.38904719885906,Bayview,06075023400
480,0,0,00,2025,9,09/10/2025,37.734153880051466,-122.3896313535095,Bayview,06075061200
481,0,0,00,2025,9,09/10/2025,37.73255316237651,-122.38680069438352,Bayview,06075023102
482,0,0,04,2025,9,09/10/2025,37.72154004946045,-122.38899838593841,Bret Harte,06075023400
483,0,0,01,2025,9,09/10/2025,37.72222955154915,-122.3917906688201,Bret Harte,06075023400
484,0,0,00,2025,9,09/10/2025,37.73398917687997,-122.38751267759102,Bayview,06075023102
485,0,0,24,2025,9,09/10/2025,37.72343045239884,-122.39193712989271,Bret Harte,06075023400
486,0,0,01,2025,9,09/10/2025,37.724814822569094,-122.39067132246728,Bayview,06075023400
487,0,0,00,2025,9,09/10/2025,37.73517870206575,-122.38967565479503,Bayview,06075061200
488,0,0,00,2025,9,09/10/2025,37.73517870206575,-122.38967565479503,Bayview,06075061200
489,0,0,00,2025,9,09/10/2025,37.72770321421076,-122.4191007,University Mound,06075025600
490,0,0,00,2025,9,09/10/2025,37.73138718116181,-122.4009775642882,Silver Terrace,06075023001
491,0,1,00,2025,9,09/10/2025,37.74771285183743,-122.38966840404696,Central Waterfront,06075980900
492,0,0,00,2025,9,09/10/2025,37.73591760345458,-122.38937895020537,Bayview,06075061200
493,0,0,00,2025,9,09/10/2025,37.735445591777996,-122.38839903696963,Bayview,06075061200
494,0,0,01,2025,9,09/10/2025,37.72842823525768,-122.45144102722406,Sunnyside,06075031100
495,0,0,00,2025,9,09/10/2025,37.73699472186275,-122.38967213737233,Bayview,06075061200
496,0,0,00,2025,9,09/10/2025,37.72209531416459,-122.41628900000003,University Mound,06075025900
497,0,0,00,2025,9,09/10/2025,37.73371635667789,-122.3856428661404,Bayview,06075023102
498,0,0,00,2025,9,09/10/2025,37.73331569528846,-122.39886998167601,Silver Terrace,06075023003
499,0,0,02,2025,9,09/10/2025,37.72633776550492,-122.3922001684856,Bayview,06075023400
500,0,0,01,2025,9,09/10/2025,37.728123811895436,-122.44386076927184,Mission Terrace,06075025501
501,0,0,12,2025,9,09/10/2025,37.72923993638119,-122.44273960590361,Sunnyside,06075031100
502,0,0,00,2025,9,09/10/2025,37.73743790132063,-122.38398626771448,Bayview,06075023103
503,0,0,34,2025,9,09/10/2025,37.748071350894136,-122.39004851258146,Central Waterfront,06075980900
504,0,0,02,2025,9,09/10/2025,37.72955496205869,-122.44141962379217,Sunnyside,06075031100
505,0,0,00,2025,9,09/10/2025,37.73861210249073,-122.38583468669366,Bayview,06075023102
506,0,0,40,2025,9,09/10/2025,37.74911283067897,-122.39037425637507,Central Waterfront,06075980900
507,0,0,00,2025,9,09/10/2025,37.73970441018928,-122.38774680782258,Bayview,06075061200
508,0,0,00,2025,9,09/10/2025,37.72287031417099,-122.41608699999999,University Mound,06075025900
509,0,0,00,2025,9,09/10/2025,37.72995288825906,-122.39797293230066,Silver Terrace,06075023300
510,0,0,00,2025,9,09/10/2025,37.74200658948185,-122.3868027763621,Bayview,06075061200
511,0,0,00,2025,9,09/10/2025,37.7409872382838,-122.385037087464,Bayview,06075980900
512,0,0,15,2025,9,09/10/2025,37.749946194916355,-122.39034901027696,Central Waterfront,06075980900
513,0,2,54,2025,9,09/10/2025,37.726356909820375,-122.39751719113195,,06075023300
514,0,0,00,2025,9,09/10/2025,37.726057514197194,-122.4163045,University Mound,06075025900
515,0,0,26,2025,9,09/10/2025,37.74013013806887,-122.3854696711436,Bayview,06075061200
516,0,0,05,2025,9,09/10/2025,37.72698799816624,-122.40020583142712,Bayview,06075023300
517,0,0,01,2025,9,09/10/2025,37.752325866320426,-122.38676389555812,Central Waterfront,06075980900
518,0,0,00,2025,9,09/10/2025,37.732889605979985,-122.39441970500421,Silver Terrace,06075023003
519,0,0,00,2025,9,09/10/2025,37.728028914213404,-122.4127602,Portola,06075025701
520,0,0,10,2025,9,09/10/2025,37.75419374855729,-122.38668962294622,Central Waterfront,06075022600
521,1,1,13,2025,9,09/10/2025,37.75780828344274,-122.39237161898058,Potrero Hill,06075061402
522,2,1,00,2025,9,09/10/2025,37.75010614352602,-122.39197980077581,Central Waterfront,06075980900
523,1,0,00,2025,9,09/10/2025,37.74657610947267,-122.3881643243042,Central Waterfront,06075980900
524,0,4,01,2025,9,09/10/2025,37.73875428178305,-122.40696995735405,Apparel City,06075980900
525,0,0,00,2025,9,09/10/2025,37.73866381349337,-122.38234560766773,Bayview,06075980900
526,1,0,00,2025,9,09/10/2025,37.74990531439335,-122.40427160000003,Potrero Hill,06075022903
527,1,1,00,2025,9,09/10/2025,37.741852938950316,-122.40625404274957,Apparel City,06075025100
528,0,0,03,2025,9,09/10/2025,37.7377072437853,-122.42091044783592,Holly Park,06075025401
529,0,0,00,2025,9,09/10/2025,37.72201891416397,-122.40110540000003,Portola,06075025800
530,0,1,19,2025,9,09/10/2025,37.742476697309655,-122.38489093368797,India Basin,06075980900
531,0,0,01,2025,9,09/10/2025,37.742260410858556,-122.41228748112918,Bernal Heights,06075025200
532,0,0,00,2025,9,09/10/2025,37.73827457409403,-122.38047899088123,Bayview,06075023103
533,0,0,00,2025,9,09/10/2025,37.73902947737449,-122.37785553509907,India Basin,06075023103
534,0,0,00,2025,9,09/10/2025,37.740681980968034,-122.37758217746216,Central Waterfront,06075980900
535,0,0,00,2025,9,09/10/2025,37.74516278339672,-122.38523867260805,Central Waterfront,06075980900
536,0,0,00,2025,9,09/10/2025,37.74577246370318,-122.38548570099772,Central Waterfront,06075980900
537,0,0,00,2025,9,09/10/2025,37.74595071142989,-122.37833538862279,Central Waterfront,06075980900
538,0,0,01,2025,9,09/10/2025,37.72902700159938,-122.4935007467866,Lakeshore,06075060400
539,0,1,00,2025,9,09/10/2025,37.7447803839782,-122.3872699647154,Central Waterfront,06075980900
540,0,0,00,2025,9,09/10/2025,37.74392855686854,-122.38522388913152,India Basin,06075980900
541,0,0,12,2025,9,09/10/2025,37.75473506714455,-122.3978829023149,Potrero Hill,06075061401
542,0,0,01,2025,9,09/10/2025,37.75450147681747,-122.39861993819044,Potrero Hill,06075061401
543,0,0,13,2025,9,09/10/2025,37.76719939587195,-122.4048038172129,Showplace Square,06075017700
544,0,0,11,2025,9,09/10/2025,37.76666466528434,-122.4056723495759,Showplace Square,06075017700
545,0,0,04,2025,9,09/10/2025,37.76722070964792,-122.4057106434566,Showplace Square,06075017700
546,0,0,01,2025,9,09/10/2025,37.767240676567106,-122.40766197985201,Mission,06075017700
547,0,0,01,2025,9,09/10/2025,37.737026882770394,-122.40909565240143,Bernal Heights,06075025100
548,1,0,03,2025,9,09/10/2025,37.75263094809166,-122.39665137915426,Potrero Hill,06075061401
549,0,0,01,2025,9,09/10/2025,37.71413808093865,-122.39938773214818,Little Hollywood,06075061000
550,0,1,00,2025,9,09/10/2025,37.74679279860581,-122.39098031729618,Central Waterfront,06075980900
551,0,0,01,2025,9,09/10/2025,37.76312297840724,-122.40908252038302,Mission,06075022801
552,0,0,01,2025,9,09/10/2025,37.7632391585547,-122.41028605821197,Mission,06075022801
553,0,0,01,2025,9,09/10/2025,37.763039494200974,-122.41055528898117,Mission,06075022801
554,0,0,02,2025,9,09/10/2025,37.76353510677168,-122.41122451975039,Mission,06075022801
555,0,0,35,2025,9,09/10/2025,37.77500000000001,-122.41830000000002,South of Market,06075017700
556,0,0,01,2025,9,09/10/2025,37.764997593373245,-122.41138379492084,Mission,06075017700
557,1,0,02,2025,9,09/10/2025,37.764717994657836,-122.41339792562358,Mission,06075017700
558,0,0,11,2025,9,09/10/2025,37.76823714305185,-122.405644219085,Showplace Square,06075017700
559,0,0,02,2025,9,09/10/2025,37.76766982241748,-122.41327624874044,Mission,06075017700
560,0,1,00,2025,9,09/10/2025,37.740499879322186,-122.37667327758147,India Basin,06075980900
561,0,0,01,2025,9,09/10/2025,37.7152297503609,-122.39954899996519,Visitacion Valley,06075026402
562,1,1,00,2025,9,09/10/2025,37.766983201822725,-122.41438294338874,Mission,06075017700
563,0,0,01,2025,9,09/10/2025,37.716529335844044,-122.4003992602229,Portola,06075026402
564,0,0,02,2025,9,09/10/2025,37.71897249483932,-122.40045625716448,Portola,06075026402
565,1,1,00,2025,9,09/10/2025,37.74582848000146,-122.38635393005173,Central Waterfront,06075980900
566,1,0,00,2025,9,09/10/2025,37.746584402140094,-122.38653212327733,Central Waterfront,06075980900
567,0,0,01,2025,9,09/10/2025,37.72358303511456,-122.41937354207039,University Mound,06075025900
568,0,0,03,2025,9,09/10/2025,37.751877265210666,-122.38667875539733,Central Waterfront,06075980900
569,0,0,01,2025,9,09/10/2025,37.75273758462829,-122.38680404947097,Central Waterfront,06075980900
570,4,0,00,2025,9,09/10/2025,37.75447952831404,-122.38327949017894,Central Waterfront,06075022600
571,0,0,01,2025,9,09/10/2025,37.74477112155694,-122.47966390103102,Parkside,06075032801
572,0,0,00,2025,9,09/10/2025,37.77500000000001,-122.41830000000002,South of Market,06075017700
573,0,0,00,2025,9,09/10/2025,37.722153114165074,-122.4032855,Portola,06075025800
574,0,0,00,2025,9,09/10/2025,37.77500000000001,-122.41830000000002,South of Market,06075017700
575,0,0,00,2025,9,09/10/2025,37.723639314177284,-122.41448899999999,University Mound,06075025900
576,0,0,00,2025,9,09/10/2025,37.77500000000001,-122.41830000000002,South of Market,06075017700
577,0,0,00,2025,9,09/10/2025,37.72782771421175,-122.41049450000003,Portola,06075025900
578,1,0,00,2025,9,09/10/2025,37.79111284096829,-122.38964362902594,Financial District,06075061507
579,0,0,00,2025,9,09/10/2025,37.72523931419045,-122.406186,Portola,06075025702
580,0,0,00,2025,9,09/10/2025,37.72335211417491,-122.40630259999999,Portola,06075025900
581,0,0,00,2025,9,09/10/2025,37.726019314196876,-122.40870200000003,Portola,06075025702
582,0,0,00,2025,9,09/10/2025,37.72688771420406,-122.41092479999999,Portola,06075025900
583,0,0,01,2025,9,09/10/2025,37.74322334608576,-122.49451495707035,Outer Sunset,06075032901
584,0,0,11,2025,9,09/10/2025,37.76818475563891,-122.41235072182037,Mission,06075017700
585,0,0,13,2025,9,09/10/2025,37.76358687439895,-122.41224613043485,Mission,06075022801
586,0,1,00,2025,9,09/10/2025,37.72872151999629,-122.50644877552985,Lakeshore,06075060400
587,0,0,11,2025,9,09/10/2025,37.74832865542255,-122.48425215482712,Parkside,06075032802
588,0,0,02,2025,9,09/10/2025,37.760633878336,-122.41267413843647,Mission,06075022801
589,0,0,10,2025,9,09/10/2025,37.75151170660443,-122.48172383755445,Outer Sunset,06075032802
590,0,0,03,2025,9,09/10/2025,37.76157102143205,-122.41268439790647,Mission,06075022801
591,0,0,01,2025,9,09/10/2025,37.71749658395635,-122.47725527733564,Parkmerced,06075033203
592,2,0,00,2025,9,09/10/2025,37.768916398252934,-122.41848571371303,Mission,06075020101
593,4,3,00,2025,9,09/10/2025,37.749271513390696,-122.4045730454396,Potrero Hill,06075022903
594,0,1,00,2025,9,09/11/2025,37.782609433668604,-122.4694212153554,Inner Richmond,06075040200
595,0,1,00,2025,9,09/11/2025,37.78095910441027,-122.46974509209396,Inner Richmond,06075040200
596,0,0,02,2025,9,09/11/2025,37.74333098619449,-122.5072219222784,Outer Sunset,06075035400
597,0,0,02,2025,9,09/11/2025,37.743555280105326,-122.50711999833582,Outer Sunset,06075035400
598,0,1,00,2025,9,09/11/2025,37.78091167147355,-122.46308751404285,Inner Richmond,06075045100
599,0,2,00,2025,9,09/11/2025,37.78077758714142,-122.4622754752636,Inner Richmond,06075045100
600,0,3,00,2025,9,09/11/2025,37.78050915275743,-122.47880257666111,Outer Richmond,06075042601
601,0,0,01,2025,9,09/11/2025,37.72363700911234,-122.41381450379878,University Mound,06075025900
602,0,0,01,2025,9,09/11/2025,37.71887494269073,-122.41085517676751,Portola,06075980501
603,0,0,01,2025,9,09/11/2025,37.718992798419684,-122.41045920577784,Portola,06075980501
604,0,0,01,2025,9,09/11/2025,37.719062705603434,-122.41018017060594,Portola,06075980501
605,0,0,01,2025,9,09/11/2025,37.719235420813135,-122.4095197409369,Portola,06075025900
606,0,0,01,2025,9,09/11/2025,37.71482452202789,-122.41623137859531,McLaren Park,06075980501
607,0,0,01,2025,9,09/11/2025,37.713605840852885,-122.41546163334081,McLaren Park,06075026401
608,0,0,13,2025,9,09/11/2025,37.773139413472734,-122.47066006064415,Inner Richmond,06075980300
609,0,0,10,2025,9,09/11/2025,37.77259639283535,-122.48228508979082,Outer Richmond,06075980300
610,0,0,01,2025,9,09/11/2025,37.772337999477216,-122.48802132904531,Outer Richmond,06075980300
611,0,0,01,2025,9,09/11/2025,37.72269560889596,-122.41761098713933,University Mound,06075025900
612,0,0,01,2025,9,09/11/2025,37.77178649227392,-122.50078663229942,Outer Richmond,06075980300
613,0,0,21,2025,9,09/11/2025,37.7715975318679,-122.50500977039337,Outer Richmond,06075980300
614,0,0,20,2025,9,09/11/2025,37.771397970073295,-122.5082203745842,Outer Richmond,06075980300
615,0,0,01,2025,9,09/11/2025,37.771578185263316,-122.50968385487793,Outer Richmond,06075047904
616,0,0,01,2025,9,09/11/2025,37.72023550636948,-122.42542537277319,Excelsior,06075980501
617,0,0,01,2025,9,09/11/2025,37.71996961600963,-122.42436651251828,Excelsior,06075980501
618,0,0,01,2025,9,09/11/2025,37.775772569725625,-122.51170054078102,Sutro Heights,06075047904
619,0,0,01,2025,9,09/11/2025,37.72005480169021,-122.42465112790289,Excelsior,06075980501
620,0,0,01,2025,9,09/11/2025,37.720077112193955,-122.42478317922408,Excelsior,06075980501
621,0,0,01,2025,9,09/11/2025,37.779580886954044,-122.50517942011358,Sutro Heights,06075047902
622,0,0,01,2025,9,09/11/2025,37.77945051012113,-122.50295385718347,Outer Richmond,06075047902
623,0,0,01,2025,9,09/11/2025,37.77926501423083,-122.50263568013908,Outer Richmond,06075047902
